{"cameraMode":{"drawMode":0,"name":"Shaded","section":"Shading Mode"},"sceneLighting":true,"audioPlay":false,"sceneViewState":{"m_AlwaysRefresh":false,"showFog":true,"showSkybox":true,"showFlares":true,"showImageEffects":true,"showParticleSystems":true,"showVisualEffectGraphs":true,"m_FxEnabled":true},"in2DMode":false,"pivot":{"x":-20.048105239868165,"y":14.243867874145508,"z":11.203301429748536},"rotation":{"x":0.1577300876379013,"y":0.8382283449172974,"z":-0.2725715637207031,"w":0.4479975700378418},"size":3.6247482299804689,"orthographic":false}