{"cameraMode":{"drawMode":0,"name":"Shaded","section":"Shading Mode"},"sceneLighting":true,"audioPlay":false,"sceneViewState":{"showFog":true,"showMaterialUpdate":false,"showSkybox":true,"showFlares":true,"showImageEffects":true,"showParticleSystems":true},"in2DMode":false,"pivot":{"x":-3.855553150177002,"y":1.4864847660064698,"z":-8.665104866027832},"rotation":{"x":-0.310211718082428,"y":0.08416725695133209,"z":-0.027858847752213479,"w":-0.9462568163871765},"size":33.716861724853519,"orthographic":false}