{"cameraMode":{"drawMode":0,"name":"Shaded","section":"Shading Mode"},"sceneLighting":true,"audioPlay":false,"sceneViewState":{"showFog":true,"showMaterialUpdate":false,"showSkybox":true,"showFlares":true,"showImageEffects":true,"showParticleSystems":true},"in2DMode":false,"pivot":{"x":60.52222442626953,"y":-186.93870544433595,"z":289.17364501953127},"rotation":{"x":-0.28894540667533877,"y":-0.0708688274025917,"z":0.018994802609086038,"w":-0.9537202715873718},"size":368.7722473144531,"orthographic":false}