{"cameraMode":{"drawMode":0,"name":"Shaded","section":"Shading Mode"},"sceneLighting":true,"audioPlay":false,"sceneViewState":{"showFog":true,"showMaterialUpdate":false,"showSkybox":true,"showFlares":true,"showImageEffects":true,"showParticleSystems":true},"in2DMode":false,"pivot":{"x":-21.415035247802736,"y":15.268058776855469,"z":18.925153732299806},"rotation":{"x":0.20153670012950898,"y":0.4413548409938812,"z":-0.10008344054222107,"w":0.8693776726722717},"size":1.914470911026001,"orthographic":false}