{"cameraMode":{"drawMode":0,"name":"Shaded","section":"Shading Mode"},"sceneLighting":false,"audioPlay":false,"sceneViewState":{"showFog":true,"showMaterialUpdate":false,"showSkybox":true,"showFlares":true,"showImageEffects":true,"showParticleSystems":true},"in2DMode":false,"pivot":{"x":7.365320205688477,"y":1.8940000534057618,"z":6.939143180847168},"rotation":{"x":-0.10984261333942414,"y":-0.2628936767578125,"z":0.029388347640633584,"w":-0.9576516151428223},"size":2.475343942642212,"orthographic":false}