{"cameraMode":{"drawMode":0,"name":"Shaded","section":"Shading Mode"},"sceneLighting":true,"audioPlay":false,"sceneViewState":{"showFog":true,"showMaterialUpdate":false,"showSkybox":true,"showFlares":true,"showImageEffects":true,"showParticleSystems":true},"in2DMode":false,"pivot":{"x":-30.803064346313478,"y":25.51658821105957,"z":38.77817916870117},"rotation":{"x":0.07530243694782257,"y":0.89752596616745,"z":-0.41414114832878115,"w":0.14055754244327546},"size":3.6247482299804689,"orthographic":false}