{"cameraMode":{"drawMode":0,"name":"Shaded","section":"Shading Mode"},"sceneLighting":true,"audioPlay":false,"sceneViewState":{"showFog":true,"showMaterialUpdate":false,"showSkybox":true,"showFlares":true,"showImageEffects":true,"showParticleSystems":true},"in2DMode":false,"pivot":{"x":116.5303955078125,"y":-32.536251068115237,"z":112.80532836914063},"rotation":{"x":-0.12514470517635346,"y":-0.3391674757003784,"z":0.045058511197566989,"w":-0.93049156665802},"size":165.45912170410157,"orthographic":false}