{"cameraMode":{"drawMode":0,"name":"Shaded","section":"Shading Mode"},"sceneLighting":true,"audioPlay":false,"sceneViewState":{"showFog":true,"showMaterialUpdate":false,"showSkybox":true,"showFlares":true,"showImageEffects":true,"showParticleSystems":true},"in2DMode":false,"pivot":{"x":-22.717782974243165,"y":9.730843544006348,"z":-7.3677897453308109},"rotation":{"x":0.04609880968928337,"y":0.928748607635498,"z":-0.359999418258667,"w":0.09056936949491501},"size":3.6247482299804689,"orthographic":false}