{"cameraMode":{"drawMode":0,"name":"Shaded","section":"Shading Mode"},"sceneLighting":false,"audioPlay":false,"sceneViewState":{"showFog":true,"showMaterialUpdate":false,"showSkybox":true,"showFlares":true,"showImageEffects":true,"showParticleSystems":true},"in2DMode":false,"pivot":{"x":-0.003943443298339844,"y":-0.005792796611785889,"z":-0.00015974044799804688},"rotation":{"x":0.1629263162612915,"y":0.7828726172447205,"z":-0.22945909202098847,"w":0.5546699166297913},"size":0.8715769648551941,"orthographic":false}