{"cameraMode":{"drawMode":0,"name":"Shaded","section":"Shading Mode"},"sceneLighting":true,"audioPlay":false,"sceneViewState":{"showFog":true,"showMaterialUpdate":false,"showSkybox":true,"showFlares":true,"showImageEffects":true,"showParticleSystems":true},"in2DMode":false,"pivot":{"x":15.47126579284668,"y":11.854113578796387,"z":-7.127007007598877},"rotation":{"x":0.1359226107597351,"y":0.15150398015975953,"z":-0.0209394209086895,"w":0.9785805940628052},"size":9.916988372802735,"orthographic":false}