{"cameraMode":{"drawMode":0,"name":"Shaded","section":"Shading Mode"},"sceneLighting":true,"audioPlay":false,"sceneViewState":{"showFog":true,"showMaterialUpdate":false,"showSkybox":true,"showFlares":true,"showImageEffects":true,"showParticleSystems":true},"in2DMode":false,"pivot":{"x":0.07886160910129547,"y":6.672863960266113,"z":21.297195434570314},"rotation":{"x":0.06635808944702149,"y":0.2006591558456421,"z":-0.013713297434151173,"w":0.9773754477500916},"size":25.40251922607422,"orthographic":false}