{"cameraMode":{"drawMode":0,"name":"Shaded","section":"Shading Mode"},"sceneLighting":false,"audioPlay":false,"sceneViewState":{"showFog":true,"showMaterialUpdate":false,"showSkybox":true,"showFlares":true,"showImageEffects":true,"showParticleSystems":true},"in2DMode":false,"pivot":{"x":7.484724998474121,"y":2.812000036239624,"z":7.505807876586914},"rotation":{"x":-0.10984261333942414,"y":-0.2628936767578125,"z":0.029388347640633584,"w":-0.9576516151428223},"size":1.7500892877578736,"orthographic":false}