{"cameraMode":{"drawMode":0,"name":"Shaded","section":"Shading Mode"},"sceneLighting":true,"audioPlay":false,"sceneViewState":{"showFog":true,"showMaterialUpdate":false,"showSkybox":true,"showFlares":true,"showImageEffects":true,"showParticleSystems":true},"in2DMode":false,"pivot":{"x":10.97562313079834,"y":8.232827186584473,"z":-21.73094367980957},"rotation":{"x":-0.0064299446530640129,"y":-0.9932177662849426,"z":0.09445332735776901,"w":-0.06835534423589707},"size":35.7027702331543,"orthographic":false}