{"cameraMode":{"drawMode":0,"name":"Shaded","section":"Shading Mode"},"sceneLighting":true,"audioPlay":false,"sceneViewState":{"showFog":true,"showMaterialUpdate":false,"showSkybox":true,"showFlares":true,"showImageEffects":true,"showParticleSystems":true},"in2DMode":false,"pivot":{"x":-20.566259384155275,"y":6.883391380310059,"z":-27.38230323791504},"rotation":{"x":-0.008666930720210076,"y":0.9744024872779846,"z":-0.22195512056350709,"w":-0.05104226991534233},"size":8.06264591217041,"orthographic":false}