{"cameraMode":{"drawMode":0,"name":"Shaded","section":"Shading Mode"},"sceneLighting":true,"audioPlay":false,"sceneViewState":{"showFog":true,"showMaterialUpdate":false,"showSkybox":true,"showFlares":true,"showImageEffects":true,"showParticleSystems":true},"in2DMode":false,"pivot":{"x":-2.837951421737671,"y":19.603744506835939,"z":17.259662628173829},"rotation":{"x":-0.2987966239452362,"y":-0.3999306261539459,"z":0.1275150030851364,"w":-0.8584738969802856},"size":4.485785961151123,"orthographic":false}