{"cameraMode":{"drawMode":0,"name":"Shaded","section":"Shading Mode"},"sceneLighting":true,"audioPlay":false,"sceneViewState":{"showFog":true,"showMaterialUpdate":false,"showSkybox":true,"showFlares":true,"showImageEffects":true,"showParticleSystems":true},"in2DMode":false,"pivot":{"x":78.3486557006836,"y":-104.66858673095703,"z":71.08602142333985},"rotation":{"x":-0.3880445957183838,"y":-0.3312150835990906,"z":0.14896540343761445,"w":-0.8461824059486389},"size":165.45912170410157,"orthographic":false}