{"cameraMode":{"drawMode":0,"name":"Shaded","section":"Shading Mode"},"sceneLighting":false,"audioPlay":false,"sceneViewState":{"showFog":true,"showMaterialUpdate":false,"showSkybox":true,"showFlares":true,"showImageEffects":true,"showParticleSystems":true},"in2DMode":false,"pivot":{"x":0.5305826663970947,"y":8.485681533813477,"z":-4.039644241333008},"rotation":{"x":-0.3039751648902893,"y":0.1385384052991867,"z":-0.04470713436603546,"w":-0.9414507746696472},"size":8.77939510345459,"orthographic":false}