{"cameraMode":{"drawMode":0,"name":"Shaded","section":"Shading Mode"},"sceneLighting":true,"audioPlay":false,"sceneViewState":{"showFog":true,"showMaterialUpdate":false,"showSkybox":true,"showFlares":true,"showImageEffects":true,"showParticleSystems":true},"in2DMode":false,"pivot":{"x":-23.86368751525879,"y":12.986374855041504,"z":25.42977523803711},"rotation":{"x":0.1551770120859146,"y":-0.7032245397567749,"z":0.17725491523742677,"w":0.6726392507553101},"size":4.485785961151123,"orthographic":false}