{"cameraMode":{"drawMode":0,"name":"Shaded","section":"Shading Mode"},"sceneLighting":true,"audioPlay":false,"sceneViewState":{"showFog":true,"showMaterialUpdate":false,"showSkybox":true,"showFlares":true,"showImageEffects":true,"showParticleSystems":true},"in2DMode":false,"pivot":{"x":-24.313753128051759,"y":7.4570207595825199,"z":-27.057361602783204},"rotation":{"x":-0.06383556872606278,"y":0.9041329026222229,"z":-0.15506182610988618,"w":-0.39495018124580386},"size":8.788284301757813,"orthographic":false}