{"cameraMode":{"drawMode":0,"name":"Shaded","section":"Shading Mode"},"sceneLighting":false,"audioPlay":false,"sceneViewState":{"showFog":true,"showMaterialUpdate":false,"showSkybox":true,"showFlares":true,"showImageEffects":true,"showParticleSystems":true},"in2DMode":false,"pivot":{"x":6.8425822257995609,"y":2.7400002479553224,"z":6.193724155426025},"rotation":{"x":-0.10984261333942414,"y":-0.2628936767578125,"z":0.029388347640633584,"w":-0.9576516151428223},"size":1.7772241830825806,"orthographic":false}