{"cameraMode":{"drawMode":0,"name":"Shaded","section":"Shading Mode"},"sceneLighting":false,"audioPlay":false,"sceneViewState":{"showFog":true,"showMaterialUpdate":false,"showSkybox":true,"showFlares":true,"showImageEffects":true,"showParticleSystems":true},"in2DMode":false,"pivot":{"x":-0.13356739282608033,"y":0.45552268624305727,"z":2.0459420680999758},"rotation":{"x":0.0672740563750267,"y":0.8622907996177673,"z":-0.11861278116703034,"w":0.4874056577682495},"size":7.502398490905762,"orthographic":false}