{"cameraMode":{"drawMode":0,"name":"Shaded","section":"Shading Mode"},"sceneLighting":true,"audioPlay":false,"sceneViewState":{"showFog":true,"showMaterialUpdate":false,"showSkybox":true,"showFlares":true,"showImageEffects":true,"showParticleSystems":true},"in2DMode":false,"pivot":{"x":-6.814850807189941,"y":-489.3248291015625,"z":492.5731506347656},"rotation":{"x":0.3866592347621918,"y":-0.01904156431555748,"z":0.01051247213035822,"w":0.9210745692253113},"size":733.7976684570313,"orthographic":false}