{"cameraMode":{"drawMode":0,"name":"Shaded","section":"Shading Mode"},"sceneLighting":true,"audioPlay":false,"sceneViewState":{"showFog":true,"showMaterialUpdate":false,"showSkybox":true,"showFlares":true,"showImageEffects":true,"showParticleSystems":true},"in2DMode":false,"pivot":{"x":-1359.565185546875,"y":-2161.724609375,"z":-4843.31591796875},"rotation":{"x":-0.01770099624991417,"y":0.9716873168945313,"z":-0.20257310569286347,"w":-0.1302211880683899},"size":5584.6689453125,"orthographic":false}