{"cameraMode":{"drawMode":0,"name":"Shaded","section":"Shading Mode"},"sceneLighting":true,"audioPlay":false,"sceneViewState":{"showFog":true,"showMaterialUpdate":false,"showSkybox":true,"showFlares":true,"showImageEffects":true,"showParticleSystems":true},"in2DMode":false,"pivot":{"x":-0.35215187072753909,"y":27.578428268432618,"z":-9.695378303527832},"rotation":{"x":0.28753411769866946,"y":0.6270006895065308,"z":-0.26771292090415957,"w":0.6724908351898193},"size":6.741660118103027,"orthographic":false}