{"cameraMode":{"drawMode":0,"name":"Shaded","section":"Shading Mode"},"sceneLighting":true,"audioPlay":false,"sceneViewState":{"showFog":true,"showMaterialUpdate":false,"showSkybox":true,"showFlares":true,"showImageEffects":true,"showParticleSystems":true},"in2DMode":false,"pivot":{"x":545.7978515625,"y":-283.9151611328125,"z":366.2958068847656},"rotation":{"x":0.18838945031166078,"y":0.4508017599582672,"z":-0.09553082287311554,"w":0.8662991523742676},"size":720.531982421875,"orthographic":false}